C.1 	B.1.1.1.1
C.1.1 	B.1.1.1.1.1
C.2 	B.1.1.1.2
C.3 	B.1.1.1.3
C.4 	B.1.1.1.4
C.5 	B.1.1.1.5
C.6 	B.1.1.1.6
C.7 	B.1.1.1.7
C.8 	B.1.1.1.8
C.9 	B.1.1.1.9
C.10 	B.1.1.1.10
C.11 	B.1.1.1.11
C.12 	B.1.1.1.12
C.13 	B.1.1.1.13
C.14 	B.1.1.1.14
C.15 	B.1.1.1.15
C.16 	B.1.1.1.16
D.2 	B.1.1.25.1
D.3 	B.1.1.25.3
E.1 	B.1.416.1
F.1 	B.1.36.17.1
G.1 	B.1.258.2.1
H.1 	B.1.1.67.1
I.1 	B.1.1.217.1
J.1 	B.1.1.250.1
K.1 	B.1.1.277
L.1 	B.1.1.10.1
L.2 	B.1.1.10.2
M.1 	B.1.1.294.1
N.1 	B.1.1.33.1
N.2 	B.1.1.33.2
N.3 	B.1.1.33.3
N.4 	B.1.1.33.4
P.1 	B.1.1.28.1
P.2 	B.1.1.28.2
R.1 	B.1.1.316.1
R.2 	B.1.1.316.2
